Job Title,Company,Location
Freelance Trade Finance Professional,Trdfin Support Service Pvt Ltd,"Kejaksan, Cirebon, Jawa Barat, Indonesia"
Freelance Trade Finance Professional,Trdfin Support Service Pvt Ltd,"Bumi Raya, Kab. Morowali, Sulawesi Tengah, Indonesia"
Freelance Trade Finance Professional,Trdfin Support Service Pvt Ltd,"Taman Sari, Pangkal Pinang, Kepulauan Bangka Belitung, Indonesia"
Freelance Trade Finance Professional,Trdfin Support Service Pvt Ltd,"Rumbai, Pekanbaru, Riau, Indonesia"
Freelance Trade Finance Professional,Trdfin Support Service Pvt Ltd,"Tatanga, Palu, Sulawesi Tengah, Indonesia"
Freelance Trade Finance Professional,Trdfin Support Service Pvt Ltd,"Semarang Tengah, Semarang, Jawa Tengah, Indonesia"
Marketing Staff,PT VPlus Platinum 8 Indonesia,"Setiabudi, Jakarta Selatan, DKI Jakarta, Indonesia"
Marketing Staff,PT VPlus Platinum 8 Indonesia,"Setiabudi, Jakarta Selatan, DKI Jakarta, Indonesia"
Guru PJOK Honorer,Sekolah Maitreyawira Batam,"Sei Beduk, Batam, Kepulauan Riau, Indonesia"
Moderator (Marketing),Refocus,"Denpasar Timur, Denpasar, Bali, Indonesia"
Marketing Executive Medan,PT. Admiral Blesensa Abadi,"Medan Area, Medan, North Sumatra, Indonesia"
Freelancer Trade Finance Professional,Trdfin Support Service Pvt Ltd,"Menteng, Jakarta Pusat, DKI Jakarta, Indonesia"
Advertising Sales Representative,united steel,"Langkaplancar, Kab. Pangandaran, Jawa Barat, Indonesia"
Graphic Designer Intern,Magnus Digital Indonesia,"Tanah Abang, Jakarta Pusat, DKI Jakarta, Indonesia"
Chinese Translator,PT Indonesia Bakery Family,"Makassar, Makassar, Sulawesi Selatan, Indonesia"
Customer Service Representatives,OTT InfoTech,"Simpang Renggiang, Kab. Belitung Timur, Kepulauan Bangka Belitung, Indonesia"
Recruitment Advisor,PT. Reeracoen Indonesia,"Setiabudi, Jakarta Selatan, DKI Jakarta, Indonesia"
Guru Mandarin,Smartese Zhongwen,"Babakan Ciparay, Bandung, Jawa Barat, Indonesia"
Customer Service Representative,OTT InfoTech,"Medan Area, Medan, North Sumatra, Indonesia"
BRANCH RELATIONSHIP OFFICER,PT. Mandiri Andalan Utama Surabaya,"Kertak Hanyar, Kab. Banjar, Kalimantan Selatan, Indonesia"
Medical Salesperson,PT. DS Solutions International,"Kelapa Gading, Jakarta Utara, DKI Jakarta, Indonesia"
Management Trainee,PT. SURABAYA MEKABOX,"Driyorejo, Kab. Gresik, Jawa Timur, Indonesia"
Customer Sales Support,OTT InfoTech,"Makasar, Jakarta Timur, DKI Jakarta, Indonesia"
HR Recruitment Intern (Semarang),PT Sejahtera Mitra Solusi,"Semarang Selatan, Semarang, Jawa Tengah, Indonesia"
Sales Associate,PT. INDOBEST ARTHA KREASI,"Pinang, Tangerang, Banten, Indonesia"
Salesperson Keep Cap,Pt Verentia Inti Cipta Alami,"Cengkareng, Jakarta Barat, DKI Jakarta, Indonesia"
Accounting (Mandarin Speaker),Pt Abadi Sejahtera Finansindo,"Tangerang, Banten, Indonesia"
Salesperson Wanita,PT. Asset Management,"Kebayoran Baru, Jakarta Selatan, DKI Jakarta, Indonesia"
Salesperson Wanita,PT. Asset Management,"Kebayoran Baru, Jakarta Selatan, DKI Jakarta, Indonesia"
Salesperson Wanita,PT. Asset Management,"Cibinong, Kab. Bogor, Jawa Barat, Indonesia"
